{
  "builtBy": "meteor/16",
  "unibuildDependencies": {
    "os.json": {
      "files": {
        "/Users/georgemcknight/Desktop/Mastering Meteor JS/Movies/03_Roles-Authorization/3.2-User_Profile_and_Avatars/quietearth/packages/npm-container/package.js": "15d8f516275f340f4e16836919cf882f1575ae35",
        "/Users/georgemcknight/Desktop/Mastering Meteor JS/Movies/03_Roles-Authorization/3.2-User_Profile_and_Avatars/quietearth/packages/npm-container/index.js": "f8380eac8c7264a90832d7a7d590ace6076d8f08",
        "/Users/georgemcknight/Desktop/Mastering Meteor JS/Movies/03_Roles-Authorization/3.2-User_Profile_and_Avatars/quietearth/packages.json": "3f7dfc27585c011162b418ebdc0044bcaeb51be0"
      },
      "directories": []
    },
    "web.browser.json": {
      "files": {
        "/Users/georgemcknight/Desktop/Mastering Meteor JS/Movies/03_Roles-Authorization/3.2-User_Profile_and_Avatars/quietearth/packages/npm-container/package.js": "15d8f516275f340f4e16836919cf882f1575ae35"
      },
      "directories": []
    }
  },
  "pluginDependencies": {
    "files": {
      "/Users/georgemcknight/Desktop/Mastering Meteor JS/Movies/03_Roles-Authorization/3.2-User_Profile_and_Avatars/quietearth/packages/npm-container/package.js": "15d8f516275f340f4e16836919cf882f1575ae35"
    },
    "directories": []
  },
  "pluginProviderPackageMap": {
    "npm-container": {
      "kind": "local",
      "sourceRoot": "/Users/georgemcknight/Desktop/Mastering Meteor JS/Movies/03_Roles-Authorization/3.2-User_Profile_and_Avatars/quietearth/packages/npm-container"
    },
    "meteor": {
      "kind": "versioned",
      "version": "1.1.6"
    }
  },
  "includeCordovaUnibuild": false
}